{"root_element": "Statechart", "path_metamodel": "./data/yakindu_simplified.ecore", "atomic_edit_operations": ["Add Synchronization", "Add State", "Add Choice", "Add Exit", "Add FinalState", "Add Entry", "Add Region", "Add incomingTransitions", "Add Transition"], "complex_edit_operations": ["Add Region with Entry", "Add Transition Complex"], "dic_nodes": {"Synchronization": 0, "State": 1, "Region": 2, "Statechart": 3, "FinalState": 4, "Exit": 5, "Entry": 6, "Choice": 7, "Transition": 8}, "dic_edges": {"vertices": 0, "outgoingTransitions": 1, "incomingTransitions": 2, "regions": 3, "vertices_inv": 4, "outgoingTransitions_inv": 5, "incomingTransitions_inv": 6, "regions_inv": 7, "<special>": 8}, "edit_operations": ["Add Region with Entry", "Add Transition Complex", "Add Synchronization", "Add State", "Add Choice", "Add Exit", "Add FinalState", "Add Entry", "Add Region", "Add incomingTransitions", "Add Transition"], "max_len": 2}